model name,epochs,training time(s),used memory(Gb),used memory_peak(Gb)
resnet18,30,4660.7313487529755,0.1717538833618164,0.43233776092529297
mobilenet_v2,30,4583.170407295227,0.034661293029785156,0.6416025161743164
efficientnet_b0,30,5843.2318551540375,0.06036376953125,0.7738585472106934
